<?xml version="1.0" encoding="UTF-8"?>
<kcfg xmlns="http://www.kde.org/standards/kcfg/1.0"
      xmlns:xsi="http://www.w3.org/2001/XMLSchema-instance"
      xsi:schemaLocation="http://www.kde.org/standards/kcfg/1.0
      http://www.kde.org/standards/kcfg/1.0/kcfg.xsd" >
    <kcfgfile name=""/>

    <group name="General">
        <entry name="updateInterval" type="Double">
            <default>1.0</default>
        </entry>
        <entry name="showCpuMonitor" type="Bool">
            <default>true</default>
        </entry>
        <entry name="showRamMonitor" type="Bool">
            <default>true</default>
        </entry>
        <entry name="showClock" type="Bool">
            <default>true</default>
        </entry>
        <entry name="verticalLayout" type="Bool">
            <default>false</default>
        </entry>
        <entry name="enableHints" type="Bool">
            <default>true</default>
        </entry>
        <entry name="enableShadows" type="Bool">
            <default>true</default>
        </entry>
    </group>
    
</kcfg>