<?xml version="1.0" encoding="UTF-8"?>

<channel name="xfce4-panel" version="1.0">
  <property name="configver" type="int" value="2"/>
  <property name="panels" type="array">
    <value type="int" value="1"/>
    <value type="int" value="2"/>
    <property name="panel-1" type="empty">
      <property name="position" type="string" value="p=6;x=0;y=0"/>
      <property name="length" type="uint" value="100"/>
      <property name="position-locked" type="bool" value="true"/>
      <property name="icon-size" type="uint" value="17"/>
      <property name="size" type="uint" value="25"/>
      <property name="plugin-ids" type="array">
        <value type="int" value="24"/>
        <value type="int" value="2"/>
        <value type="int" value="3"/>
        <value type="int" value="5"/>
        <value type="int" value="26"/>
        <value type="int" value="30"/>
        <value type="int" value="27"/>
        <value type="int" value="8"/>
        <value type="int" value="25"/>
        <value type="int" value="9"/>
        <value type="int" value="11"/>
        <value type="int" value="12"/>
        <value type="int" value="31"/>
        <value type="int" value="13"/>
        <value type="int" value="28"/>
        <value type="int" value="14"/>
        <value type="int" value="29"/>
      </property>
    </property>
    <property name="panel-2" type="empty">
      <property name="autohide-behavior" type="uint" value="0"/>
      <property name="position" type="string" value="p=10;x=0;y=0"/>
      <property name="position-locked" type="bool" value="true"/>
      <property name="size" type="uint" value="30"/>
      <property name="plugin-ids" type="array">
        <value type="int" value="7"/>
        <value type="int" value="16"/>
        <value type="int" value="18"/>
        <value type="int" value="17"/>
        <value type="int" value="19"/>
        <value type="int" value="22"/>
        <value type="int" value="21"/>
        <value type="int" value="1"/>
        <value type="int" value="15"/>
        <value type="int" value="23"/>
      </property>
      <property name="length" type="uint" value="100"/>
    </property>
  </property>
  <property name="plugins" type="empty">
    <property name="plugin-2" type="string" value="tasklist">
      <property name="grouping" type="uint" value="1"/>
      <property name="show-handle" type="bool" value="false"/>
      <property name="flat-buttons" type="bool" value="true"/>
      <property name="show-wireframes" type="bool" value="false"/>
      <property name="switch-workspace-on-unminimize" type="bool" value="true"/>
    </property>
    <property name="plugin-3" type="string" value="separator">
      <property name="expand" type="bool" value="true"/>
      <property name="style" type="uint" value="0"/>
    </property>
    <property name="plugin-5" type="string" value="separator">
      <property name="style" type="uint" value="0"/>
    </property>
    <property name="plugin-8" type="string" value="pulseaudio">
      <property name="enable-keyboard-shortcuts" type="bool" value="true"/>
      <property name="show-notifications" type="bool" value="true"/>
    </property>
    <property name="plugin-9" type="string" value="power-manager-plugin"/>
    <property name="plugin-11" type="string" value="separator">
      <property name="style" type="uint" value="0"/>
    </property>
    <property name="plugin-12" type="string" value="clock">
      <property name="digital-format" type="string" value="%d %b, %I:%M %p"/>
    </property>
    <property name="plugin-13" type="string" value="separator">
      <property name="style" type="uint" value="2"/>
    </property>
    <property name="plugin-14" type="string" value="actions"/>
    <property name="plugin-16" type="string" value="separator"/>
    <property name="plugin-17" type="string" value="launcher">
      <property name="items" type="array">
        <value type="string" value="15803412931.desktop"/>
      </property>
    </property>
    <property name="plugin-18" type="string" value="launcher">
      <property name="items" type="array">
        <value type="string" value="15803412932.desktop"/>
      </property>
    </property>
    <property name="plugin-19" type="string" value="launcher">
      <property name="items" type="array">
        <value type="string" value="15803412933.desktop"/>
      </property>
    </property>
    <property name="plugin-21" type="string" value="separator"/>
    <property name="plugin-22" type="string" value="directorymenu">
      <property name="base-directory" type="string" value="/home/cristo"/>
    </property>
    <property name="plugin-7" type="string" value="separator">
      <property name="expand" type="bool" value="true"/>
      <property name="style" type="uint" value="0"/>
    </property>
    <property name="plugin-23" type="string" value="separator">
      <property name="expand" type="bool" value="true"/>
      <property name="style" type="uint" value="0"/>
    </property>
    <property name="plugin-24" type="string" value="whiskermenu"/>
    <property name="plugin-1" type="string" value="xfce4-mount-plugin"/>
    <property name="plugin-15" type="string" value="separator"/>
    <property name="plugin-25" type="string" value="systray">
      <property name="names-ordered" type="array">
        <value type="string" value="telegramdesktop"/>
        <value type="string" value="pamac-tray"/>
        <value type="string" value="thunar"/>
        <value type="string" value="gestor de tareas"/>
        <value type="string" value="miniaplicación gestor de la red"/>
      </property>
      <property name="show-frame" type="bool" value="false"/>
      <property name="square-icons" type="bool" value="false"/>
    </property>
    <property name="plugin-26" type="string" value="cpugraph"/>
    <property name="plugin-27" type="string" value="showdesktop"/>
    <property name="plugin-28" type="string" value="separator">
      <property name="expand" type="bool" value="false"/>
      <property name="style" type="uint" value="0"/>
    </property>
    <property name="plugin-29" type="string" value="separator">
      <property name="style" type="uint" value="0"/>
    </property>
    <property name="plugin-30" type="string" value="separator">
      <property name="style" type="uint" value="0"/>
    </property>
    <property name="plugin-31" type="string" value="separator">
      <property name="style" type="uint" value="0"/>
    </property>
  </property>
</channel>
