{
    "KPlugin": {
        "Authors": [
            {
                "Email": "nainemom@gmail.com",
                "Name": "Amir Momenian"
            }
        ],
        "Category": "Windows and Tasks",
        "Dependencies": [
        ],
        "Description": "Switch between running applications with minimal GUI",
        "EnabledByDefault": true,
        "Icon": "preferences-system-windows",
        "Id": "org.kde.plasma.minitaskmanager",
        "License": "GPL-2.0+",
        "Name": "Mini Task Manager",
        "ServiceTypes": [
            "Plasma/Applet"
        ],
        "Version": "1.0",
        "Website": "https://github.com/nainemom/org.kde.minitaskmanager"
    },
    "X-Plasma-API": "declarativeappletscript",
    "X-Plasma-MainScript": "ui/main.qml",
    "X-Plasma-Provides": [
        "org.kde.plasma.multitasking"
    ]
}
